rank,feature,importance,genus
1,OTU358939,0.2487072681009201,Lachnoclostridium
2,OTU3700249,0.2437364833150424,Bacteroides
3,OTU4459961,0.1591387404048466,Lachnoclostridium
4,DegOTU178307,0.1434209494026823,Bacteroides
5,DegOTU842817,0.1127782614210641,Parabacteroides
6,DegOTU344895,0.0922182973554443,Bacteroides
